<?xml version="1.0" encoding="UTF-8"?>
<OfficeApp
          xmlns="http://schemas.microsoft.com/office/appforoffice/1.1"
          xmlns:xsi="http://www.w3.org/2001/XMLSchema-instance"
          xmlns:bt="http://schemas.microsoft.com/office/officeappbasictypes/1.0"
          xmlns:mailappor="http://schemas.microsoft.com/office/mailappversionoverrides/1.0"
          xsi:type="MailApp">

  <!-- Begin Basic Settings: Add-in metadata, used for all versions of Office unless override provided. -->

  <!-- IMPORTANT! Id must be unique for your add-in, if you reuse this manifest ensure that you change this id to a new GUID. -->
  <Id>8b6a3d9a-5c2e-4c3d-8b7a-9e5f8c9d1a2b</Id>

  <!--Version. Updates from the store only get triggered if there is a version change. -->
  <Version>1.0.0.0</Version>
  <ProviderName>Vertretungsanalyse</ProviderName>
  <DefaultLocale>de-DE</DefaultLocale>
  <!-- The display name of your add-in. Used on the store and various places of the Office UI such as the add-ins dialog. -->
  <DisplayName DefaultValue="Vertretungsanalyse" />
  <Description DefaultValue="Analysiert Lehrermails und erstellt strukturierte Regelungsvorschläge für UNTIS"/>

  <!-- Icon for your add-in. Used on installation screens and the add-ins dialog. -->
  <IconUrl DefaultValue="https://www.contoso.com/assets/icon-32.png" />
  <HighResolutionIconUrl DefaultValue="https://www.contoso.com/assets/icon-80.png"/>

  <!--If you plan to submit this add-in to the Office Store, uncomment the SupportUrl element below-->
  <!--<SupportUrl DefaultValue="[Insert the URL of a page that provides support information for the app]">-->

  <!-- Domains that will be allowed when navigating. For example, if you use ShowTaskpane and then have an href link, navigation will only be allowed if the domain is on this list. -->
  <AppDomains>
    <AppDomain>https://localhost:3000</AppDomain>
    <AppDomain>https://api.openai.com</AppDomain>
    <AppDomain>https://outlook.office.com</AppDomain>
    <AppDomain>https://outlook.office365.com</AppDomain>
    <AppDomain>https://outlook.live.com</AppDomain>
    <AppDomain>https://exchange.bbz-rd-eck.de</AppDomain>

  </AppDomains>
  <!--End Basic Settings. -->

  <!--Begin TaskPane Mode integration. This section is used if there are no VersionOverrides or if the Office client version does not support add-in commands. -->
  <Hosts>
    <Host Name="Mailbox" />
  </Hosts>
  <Requirements>
    <Sets>
      <Set Name="Mailbox" MinVersion="1.1" />
    </Sets>
  </Requirements>
  <FormSettings>
    <Form xsi:type="ItemRead">
      <DesktopSettings>
        <SourceLocation DefaultValue="https://www.contoso.com/taskpane.html"/>
        <RequestedHeight>250</RequestedHeight>
      </DesktopSettings>
    </Form>
  </FormSettings>

  <Permissions>ReadWriteItem</Permissions>
  <Rule xsi:type="RuleCollection" Mode="Or">
    <Rule xsi:type="ItemIs" ItemType="Message" FormType="Read" />
  </Rule>
  <DisableEntityHighlighting>false</DisableEntityHighlighting>

  <!--End TaskPane Mode integration.  -->

  <VersionOverrides xmlns="http://schemas.microsoft.com/office/mailappversionoverrides" xsi:type="VersionOverridesV1_0">
    <Requirements>
      <bt:Sets>
        <bt:Set Name="Mailbox" MinVersion="1.3" />
      </bt:Sets>
    </Requirements>
    <Hosts>
      <Host xsi:type="MailHost">
        <DesktopFormFactor>
          <!-- Location of the Functions that UI-less buttons will trigger (ExecuteFunction Actions). -->
          <FunctionFile resid="Commands.Url" />

          <!-- Message Read -->
          <ExtensionPoint xsi:type="MessageReadCommandSurface">
            <!-- Use the default tab of the ExtensionPoint or create your own with <CustomTab id="myTab"> -->
            <OfficeTab id="TabDefault">
              <!-- Up to 6 Groups added per Tab -->
              <Group id="msgReadGroup">
                <Label resid="GroupLabel" />
                <!-- Launch the add-in : task pane button -->
                <Control xsi:type="Button" id="msgReadOpenPaneButton">
                  <Label resid="TaskpaneButton.Label" />
                  <Supertip>
                    <Title resid="TaskpaneButton.Label" />
                    <Description resid="TaskpaneButton.Tooltip" />
                  </Supertip>
                  <Icon>
                    <bt:Image size="16" resid="Icon.16x16" />
                    <bt:Image size="32" resid="Icon.32x32" />
                    <bt:Image size="80" resid="Icon.80x80" />
                  </Icon>
                  <Action xsi:type="ShowTaskpane">
                    <SourceLocation resid="Taskpane.Url" />
                  </Action>
                </Control>
                <!-- Go to http://aka.ms/ButtonCommands to learn how to add more Controls: ExecuteFunction and Menu -->
              </Group>
            </OfficeTab>
          </ExtensionPoint>
          <!-- Go to http://aka.ms/ExtensionPointsCommands to learn how to add more Extension Points: MessageRead, AppointmentOrganizer, AppointmentAttendee -->
        </DesktopFormFactor>
      </Host>
    </Hosts>

    <Resources>
      <bt:Images>
        <bt:Image id="Icon.16x16" DefaultValue="https://www.contoso.com/assets/icon-16.png"/>
        <bt:Image id="Icon.32x32" DefaultValue="https://www.contoso.com/assets/icon-32.png"/>
        <bt:Image id="Icon.80x80" DefaultValue="https://www.contoso.com/assets/icon-80.png"/>
      </bt:Images>
      <bt:Urls>
        <bt:Url id="Commands.Url" DefaultValue="https://www.contoso.com/commands.html" />
        <bt:Url id="Taskpane.Url" DefaultValue="https://www.contoso.com/taskpane.html" />
      </bt:Urls>
      <bt:ShortStrings>
        <bt:String id="GroupLabel" DefaultValue="Vertretungsanalyse Add-in" />
        <bt:String id="TaskpaneButton.Label" DefaultValue="Vertretungsanalyse" />
      </bt:ShortStrings>
      <bt:LongStrings>
        <bt:String id="TaskpaneButton.Tooltip" DefaultValue="Öffnet die Vertretungsanalyse" />
      </bt:LongStrings>
    </Resources>
  </VersionOverrides>
</OfficeApp>
